Worksheet exported from: C:\Users\USD\Documents\Agilent\ICP Expert\My Reports\CHEM220 Fall23 Experiment 4.esws,,,,,,,,,,,,,,,,,,,,,,,,,,,,,,,,,,,,,,,,,,
Instrument name,MY2134CQ01,,,,,,,,,,,,,,,,,,,,,,,,,,,,,,,,,,,,,,,,,
Software version,7.6.0.12121,,,,,,,,,,,,,,,,,,,,,,,,,,,,,,,,,,,,,,,,,
Firmware version,5590,,,,,,,,,,,,,,,,,,,,,,,,,,,,,,,,,,,,,,,,,
,,,,,,,,,,,,,,,,,,,,,,,,,,,,,,,,,,,,,,,,,,
,,,,,,,,,,,,,,,,,,,,,,,,,,,,,,,,,,,,,,,,,,
Label,Rack:Tube,Type,DateTime,Element,ElementLabel,Flags,UnadjustedData,Concentration,Unit,Intensity,ConcentrationSD,Concentration%RSD,IntensitySD,Intensity%RSD,%RSE,Weight,Volume,Dilution,Internal Standard,Calibrationfit,Correlationcoefficient,Backgroundcorrection,%RSElimit,CalibrationCoefficient[1],CalibrationCoefficient[2],CalibrationCoefficient[3],LIMSID,Customer,CustomerRef.,SampleDateTime,SampleSite,Description,Replicates,ConcentrationReplicate1,ConcentrationReplicate2,ConcentrationReplicate3,IntensityReplicate1,IntensityReplicate2,IntensityReplicate3,FlagsReplicate1,FlagsReplicate2,FlagsReplicate3
Blank,S1:1,BLK,10/4/2023 15:44,Cu 324.754,Cu,,0,0,ppm,86.99,-,-,6.03,6.93,86.95,-,-,-,-,Linear,0.99576,Fitted,-,802.4430221,9729.138325,-,,,,,,,3,0,0,0,87.37,92.83,80.79,,,
Blank,S1:1,BLK,10/4/2023 15:44,Cu 327.395,Cu,,0,0,ppm,70.51,-,-,9.06,12.85,80.94,-,-,-,-,Linear,0.99576,Fitted,-,265.8734204,12910.12505,-,,,,,,,3,0,0,0,80.58,67.93,63.01,,,
Blank,S1:1,BLK,10/4/2023 15:44,Fe 238.204,Fe,,0,0,ppm,406.48,-,-,10.24,2.52,,-,-,-,-,Linear,-,Fitted,-,-,-,-,,,,,,,3,0,0,0,404.02,417.72,397.69,,,
Blank,S1:1,BLK,10/4/2023 15:44,Fe 259.940,Fe,,0,0,ppm,335.48,-,-,7.19,2.14,,-,-,-,-,Linear,-,Fitted,-,-,-,-,,,,,,,3,0,0,0,337.66,341.32,327.45,,,
Blank,S1:1,BLK,10/4/2023 15:44,Pb 217.000,Pb,,0,0,ppm,1.86,-,-,7.46,> 100.00,,-,-,-,-,Linear,-,Fitted,-,-,-,-,,,,,,,3,0,0,0,-2.07,10.46,-2.8,,,
Blank,S1:1,BLK,10/4/2023 15:44,Pb 220.353,Pb,,0,0,ppm,6.27,-,-,1.29,20.59,,-,-,-,-,Linear,-,Fitted,-,-,-,-,,,,,,,3,0,0,0,6.35,4.94,7.52,,,
Standard 1,S1:2,STD,10/4/2023 15:46,Cu 324.754,Cu,,0.1,0.1,ppm,1142.33,-,-,15.48,1.35,86.95,-,-,-,-,Linear,0.99576,Fitted,-,802.4430221,9729.138325,-,,,,,,,3,0.1,0.1,0.1,1125.71,1156.33,1144.95,,,
Standard 1,S1:2,STD,10/4/2023 15:46,Cu 327.395,Cu,,0.1,0.1,ppm,1409.94,-,-,8.11,0.58,80.94,-,-,-,-,Linear,0.99576,Fitted,-,265.8734204,12910.12505,-,,,,,,,3,0.1,0.1,0.1,1400.67,1413.34,1415.79,,,
Standard 1,S1:2,STD,10/4/2023 15:46,Fe 238.204,Fe,,,,ppm,1723.2,-,-,13.95,0.81,,-,-,-,-,Linear,-,Fitted,-,-,-,-,,,,,,,3,,,,1721.21,1738.04,1710.35,,,
Standard 1,S1:2,STD,10/4/2023 15:46,Fe 259.940,Fe,,,,ppm,1445.28,-,-,11.05,0.76,,-,-,-,-,Linear,-,Fitted,-,-,-,-,,,,,,,3,,,,1434.09,1445.56,1456.18,,,
Standard 1,S1:2,STD,10/4/2023 15:46,Pb 217.000,Pb,,,,ppm,49.01,-,-,11.23,22.92,,-,-,-,-,Linear,-,Fitted,-,-,-,-,,,,,,,3,,,,54.48,36.09,56.45,,,
Standard 1,S1:2,STD,10/4/2023 15:46,Pb 220.353,Pb,,,,ppm,141.71,-,-,4.25,3,,-,-,-,-,Linear,-,Fitted,-,-,-,-,,,,,,,3,,,,137.22,145.68,142.23,,,
Standard 2,S1:3,STD,10/4/2023 15:48,Cu 324.754,Cu,,0.5,0.5,ppm,15668.81,-,-,21.89,0.14,86.95,-,-,-,-,Linear,0.99576,Fitted,-,802.4430221,9729.138325,-,,,,,,,3,0.5,0.5,0.5,15694.08,15656.47,15655.89,,,
Standard 2,S1:3,STD,10/4/2023 15:48,Cu 327.395,Cu,,0.5,0.5,ppm,19649.01,-,-,72.09,0.37,80.94,-,-,-,-,Linear,0.99576,Fitted,-,265.8734204,12910.12505,-,,,,,,,3,0.5,0.5,0.5,19696.96,19566.11,19683.95,,,
Standard 2,S1:3,STD,10/4/2023 15:48,Fe 238.204,Fe,,,,ppm,25893.29,-,-,48.13,0.19,,-,-,-,-,Linear,-,Fitted,-,-,-,-,,,,,,,3,,,,25923.5,25837.78,25918.59,,,
Standard 2,S1:3,STD,10/4/2023 15:48,Fe 259.940,Fe,,,,ppm,21563.11,-,-,44.19,0.2,,-,-,-,-,Linear,-,Fitted,-,-,-,-,,,,,,,3,,,,21554.29,21523.99,21611.04,,,
Standard 2,S1:3,STD,10/4/2023 15:48,Pb 217.000,Pb,,,,ppm,587.1,-,-,5.94,1.01,,-,-,-,-,Linear,-,Fitted,-,-,-,-,,,,,,,3,,,,584.37,583,593.91,,,
Standard 2,S1:3,STD,10/4/2023 15:48,Pb 220.353,Pb,,,,ppm,1877.08,-,-,6.3,0.34,,-,-,-,-,Linear,-,Fitted,-,-,-,-,,,,,,,3,,,,1875.06,1872.03,1884.13,,,
Standard 3,S1:4,STD,10/4/2023 15:50,Cu 324.754,Cu,,1,1,ppm,21388.85,-,-,84,0.39,86.95,-,-,-,-,Linear,0.99576,Fitted,-,802.4430221,9729.138325,-,,,,,,,3,1,1,1,21299.72,21400.28,21466.56,,,
Standard 3,S1:4,STD,10/4/2023 15:50,Cu 327.395,Cu,,1,1,ppm,26783.31,-,-,97.77,0.37,80.94,-,-,-,-,Linear,0.99576,Fitted,-,265.8734204,12910.12505,-,,,,,,,3,1,1,1,26684.3,26785.85,26879.79,,,
Standard 3,S1:4,STD,10/4/2023 15:50,Fe 238.204,Fe,,,,ppm,31934.92,-,-,142.71,0.45,,-,-,-,-,Linear,-,Fitted,-,-,-,-,,,,,,,3,,,,31770.29,32010.98,32023.49,,,
Standard 3,S1:4,STD,10/4/2023 15:50,Fe 259.940,Fe,,,,ppm,26756.27,-,-,61.68,0.23,,-,-,-,-,Linear,-,Fitted,-,-,-,-,,,,,,,3,,,,26686.34,26802.94,26779.53,,,
Standard 3,S1:4,STD,10/4/2023 15:50,Pb 217.000,Pb,,,,ppm,787.28,-,-,9.02,1.15,,-,-,-,-,Linear,-,Fitted,-,-,-,-,,,,,,,3,,,,778.5,786.83,796.53,,,
Standard 3,S1:4,STD,10/4/2023 15:50,Pb 220.353,Pb,,,,ppm,2575.93,-,-,9.6,0.37,,-,-,-,-,Linear,-,Fitted,-,-,-,-,,,,,,,3,,,,2586.49,2567.71,2573.6,,,
Standard 4,S1:5,STD,10/4/2023 15:51,Cu 324.754,Cu,,2,2,ppm,21532.6,-,-,41.83,0.19,86.95,-,-,-,-,Linear,0.99576,Fitted,-,802.4430221,9729.138325,-,,,,,,,3,2,2,2,21505.72,21580.79,21511.29,,,
Standard 4,S1:5,STD,10/4/2023 15:51,Cu 327.395,Cu,,2,2,ppm,27079.16,-,-,35.64,0.13,80.94,-,-,-,-,Linear,0.99576,Fitted,-,265.8734204,12910.12505,-,,,,,,,3,2,2,2,27104.17,27094.94,27038.35,,,
Standard 4,S1:5,STD,10/4/2023 15:51,Fe 238.204,Fe,,,,ppm,33319.39,-,-,126.62,0.38,,-,-,-,-,Linear,-,Fitted,-,-,-,-,,,,,,,3,,,,33340.31,33434.26,33183.62,,,
Standard 4,S1:5,STD,10/4/2023 15:51,Fe 259.940,Fe,,,,ppm,27876.7,-,-,83.45,0.3,,-,-,-,-,Linear,-,Fitted,-,-,-,-,,,,,,,3,,,,27933.94,27915.21,27780.95,,,
Standard 4,S1:5,STD,10/4/2023 15:51,Pb 217.000,Pb,,,,ppm,812.13,-,-,11.75,1.45,,-,-,-,-,Linear,-,Fitted,-,-,-,-,,,,,,,3,,,,802.13,809.2,825.06,,,
Standard 4,S1:5,STD,10/4/2023 15:51,Pb 220.353,Pb,,,,ppm,2580.49,-,-,14.77,0.57,,-,-,-,-,Linear,-,Fitted,-,-,-,-,,,,,,,3,,,,2565.78,2580.38,2595.31,,,
Standard 5,S1:6,STD,10/4/2023 15:53,Cu 324.754,Cu,,4,4,ppm,42701.57,-,-,38.65,0.09,86.95,-,-,-,-,Linear,0.99576,Fitted,-,802.4430221,9729.138325,-,,,,,,,3,4,4,4,42691.61,42744.22,42668.87,,,
Standard 5,S1:6,STD,10/4/2023 15:53,Cu 327.395,Cu,,4,4,ppm,53627.15,-,-,39.78,0.07,80.94,-,-,-,-,Linear,0.99576,Fitted,-,265.8734204,12910.12505,-,,,,,,,3,4,4,4,53614.32,53671.76,53595.36,,,
Standard 5,S1:6,STD,10/4/2023 15:53,Fe 238.204,Fe,,,,ppm,65035.62,-,-,53.53,0.08,,-,-,-,-,Linear,-,Fitted,-,-,-,-,,,,,,,3,,,,64974.38,65058.96,65073.53,,,
Standard 5,S1:6,STD,10/4/2023 15:53,Fe 259.940,Fe,,,,ppm,54423.43,-,-,40.86,0.08,,-,-,-,-,Linear,-,Fitted,-,-,-,-,,,,,,,3,,,,54458.5,54433.23,54378.56,,,
Standard 5,S1:6,STD,10/4/2023 15:53,Pb 217.000,Pb,,,,ppm,1622.07,-,-,27.22,1.68,,-,-,-,-,Linear,-,Fitted,-,-,-,-,,,,,,,3,,,,1590.79,1640.38,1635.03,,,
Standard 5,S1:6,STD,10/4/2023 15:53,Pb 220.353,Pb,,,,ppm,5182.89,-,-,20.23,0.39,,-,-,-,-,Linear,-,Fitted,-,-,-,-,,,,,,,3,,,,5159.63,5196.44,5192.59,,,
Standard 6,S1:7,STD,10/4/2023 15:55,Cu 324.754,Cu,,6,6,ppm,63204.49,-,-,77.89,0.12,86.95,-,-,-,-,Linear,0.99576,Fitted,-,802.4430221,9729.138325,-,,,,,,,3,6,6,6,63292.77,63145.45,63175.25,,,
Standard 6,S1:7,STD,10/4/2023 15:55,Cu 327.395,Cu,,6,6,ppm,79365.93,-,-,148.2,0.19,80.94,-,-,-,-,Linear,0.99576,Fitted,-,265.8734204,12910.12505,-,,,,,,,3,6,6,6,79536.84,79273.11,79287.83,,,
Standard 6,S1:7,STD,10/4/2023 15:55,Fe 238.204,Fe,,,,ppm,98034.6,-,-,226.48,0.23,,-,-,-,-,Linear,-,Fitted,-,-,-,-,,,,,,,3,,,,98249.37,97798,98056.42,,,
Standard 6,S1:7,STD,10/4/2023 15:55,Fe 259.940,Fe,,,,ppm,82077.04,-,-,82.36,0.1,,-,-,-,-,Linear,-,Fitted,-,-,-,-,,,,,,,3,,,,82167.19,82005.75,82058.17,,,
Standard 6,S1:7,STD,10/4/2023 15:55,Pb 217.000,Pb,,,,ppm,2410.66,-,-,3.34,0.14,,-,-,-,-,Linear,-,Fitted,-,-,-,-,,,,,,,3,,,,2412.25,2412.9,2406.82,,,
Standard 6,S1:7,STD,10/4/2023 15:55,Pb 220.353,Pb,,,,ppm,7691.64,-,-,13.98,0.18,,-,-,-,-,Linear,-,Fitted,-,-,-,-,,,,,,,3,,,,7707.05,7688.11,7679.76,,,
Standard 7,S1:8,STD,10/4/2023 15:57,Cu 324.754,Cu,,8,8,ppm,63494.42,-,-,62.45,0.1,86.95,-,-,-,-,Linear,0.99576,Fitted,-,802.4430221,9729.138325,-,,,,,,,3,8,8,8,63555.64,63496.83,63430.8,,,
Standard 7,S1:8,STD,10/4/2023 15:57,Cu 327.395,Cu,,8,8,ppm,79878.23,-,-,130.04,0.16,80.94,-,-,-,-,Linear,0.99576,Fitted,-,265.8734204,12910.12505,-,,,,,,,3,8,8,8,79930.12,79974.32,79730.26,,,
Standard 7,S1:8,STD,10/4/2023 15:57,Fe 238.204,Fe,,,,ppm,91477.66,-,-,254.37,0.28,,-,-,-,-,Linear,-,Fitted,-,-,-,-,,,,,,,3,,,,91621.9,91627.14,91183.95,,,
Standard 7,S1:8,STD,10/4/2023 15:57,Fe 259.940,Fe,,,,ppm,76615.43,-,-,194.76,0.25,,-,-,-,-,Linear,-,Fitted,-,-,-,-,,,,,,,3,,,,76665.08,76780.56,76400.66,,,
Standard 7,S1:8,STD,10/4/2023 15:57,Pb 217.000,Pb,,,,ppm,3244.64,-,-,11.56,0.36,,-,-,-,-,Linear,-,Fitted,-,-,-,-,,,,,,,3,,,,3247.05,3254.8,3232.06,,,
Standard 7,S1:8,STD,10/4/2023 15:57,Pb 220.353,Pb,,,,ppm,10347.4,-,-,23.2,0.22,,-,-,-,-,Linear,-,Fitted,-,-,-,-,,,,,,,3,,,,10330.02,10373.74,10338.43,,,
Standard 8,S1:9,STD,10/4/2023 15:59,Cu 324.754,Cu,,10,10,ppm,109369.55,-,-,201.83,0.18,86.95,-,-,-,-,Linear,0.99576,Fitted,-,802.4430221,9729.138325,-,,,,,,,3,10,10,10,109199.04,109317.22,109592.39,,,
Standard 8,S1:9,STD,10/4/2023 15:59,Cu 327.395,Cu,,10,10,ppm,137346.84,-,-,279.19,0.2,80.94,-,-,-,-,Linear,0.99576,Fitted,-,265.8734204,12910.12505,-,,,,,,,3,10,10,10,137120.61,137261.06,137658.85,,,
Standard 8,S1:9,STD,10/4/2023 15:59,Fe 238.204,Fe,,,,ppm,172960.41,-,-,383,0.22,,-,-,-,-,Linear,-,Fitted,-,-,-,-,,,,,,,3,,,,172577.05,172961.14,173343.05,,,
Standard 8,S1:9,STD,10/4/2023 15:59,Fe 259.940,Fe,,,,ppm,144646.73,-,-,255.21,0.18,,-,-,-,-,Linear,-,Fitted,-,-,-,-,,,,,,,3,,,,144377.97,144676.43,144885.78,,,
Standard 8,S1:9,STD,10/4/2023 15:59,Pb 217.000,Pb,,,,ppm,4859.74,-,-,18.66,0.38,,-,-,-,-,Linear,-,Fitted,-,-,-,-,,,,,,,3,,,,4838.49,4867.32,4873.42,,,
Standard 8,S1:9,STD,10/4/2023 15:59,Pb 220.353,Pb,,,,ppm,15477.43,-,-,30.16,0.19,,-,-,-,-,Linear,-,Fitted,-,-,-,-,,,,,,,3,,,,15489.95,15443.02,15499.32,,,
Standard 9,S1:10,STD,10/4/2023 16:00,Cu 324.754,Cu,,25,25,ppm,311342.98,-,-,816.74,0.26,86.95,-,-,-,-,Linear,0.99576,Fitted,-,802.4430221,9729.138325,-,,,,,,,3,25,25,25,310754.65,310998.82,312275.48,,,
Standard 9,S1:10,STD,10/4/2023 16:00,Cu 327.395,Cu,,25,25,ppm,391187.73,-,-,1164.55,0.3,80.94,-,-,-,-,Linear,0.99576,Fitted,-,265.8734204,12910.12505,-,,,,,,,3,25,25,25,390371.29,390670.62,392521.29,,,
Standard 9,S1:10,STD,10/4/2023 16:00,Fe 238.204,Fe,,,,ppm,416708.99,-,-,885.15,0.21,,-,-,-,-,Linear,-,Fitted,-,-,-,-,,,,,,,3,,,,416335.04,416072.19,417719.74,,,
Standard 9,S1:10,STD,10/4/2023 16:00,Fe 259.940,Fe,,,,ppm,348526.1,-,-,718.76,0.21,,-,-,-,-,Linear,-,Fitted,-,-,-,-,,,,,,,3,,,,348265.22,347974.21,349338.86,,,
Standard 9,S1:10,STD,10/4/2023 16:00,Pb 217.000,Pb,,,,ppm,16477.16,-,-,26.03,0.16,,-,-,-,-,Linear,-,Fitted,-,-,-,-,,,,,,,3,,,,16450.69,16478.06,16502.73,,,
Standard 9,S1:10,STD,10/4/2023 16:00,Pb 220.353,Pb,,,,ppm,52067.74,-,-,112.65,0.22,,-,-,-,-,Linear,-,Fitted,-,-,-,-,,,,,,,3,,,,52059.87,51959.24,52184.12,,,
Standard 10,S1:11,STD,10/4/2023 16:02,Cu 324.754,Cu,,50,50,ppm,534474.21,-,-,1939.17,0.36,86.95,-,-,-,-,Linear,0.99576,Fitted,-,802.4430221,9729.138325,-,,,,,,,3,50,50,50,532499.11,534548.19,536375.34,,,
Standard 10,S1:11,STD,10/4/2023 16:02,Cu 327.395,Cu,,50,50,ppm,671362.46,-,-,3389.6,0.5,80.94,-,-,-,-,Linear,0.99576,Fitted,-,265.8734204,12910.12505,-,,,,,,,3,50,50,50,673679.71,672935.53,667472.15,,,
Standard 10,S1:11,STD,10/4/2023 16:02,Fe 238.204,Fe,,,,ppm,894685.85,-,-,1482.47,0.17,,-,-,-,-,Linear,-,Fitted,-,-,-,-,,,,,,,3,,,,892974.93,895493.21,895589.39,,,
Standard 10,S1:11,STD,10/4/2023 16:02,Fe 259.940,Fe,,,,ppm,750695.04,-,-,817.26,0.11,,-,-,-,-,Linear,-,Fitted,-,-,-,-,,,,,,,3,,,,750272.91,751637.05,750175.18,,,
Standard 10,S1:11,STD,10/4/2023 16:02,Pb 217.000,Pb,,,,ppm,21340.72,-,-,16.1,0.08,,-,-,-,-,Linear,-,Fitted,-,-,-,-,,,,,,,3,,,,21322.16,21348.93,21351.06,,,
Standard 10,S1:11,STD,10/4/2023 16:02,Pb 220.353,Pb,,,,ppm,67381.14,-,-,109.9,0.16,,-,-,-,-,Linear,-,Fitted,-,-,-,-,,,,,,,3,,,,67260.41,67475.37,67407.63,,,
Sample 1,1:1,Sample,10/4/2023 16:04,Cu 324.754,Cu,,Uncal,Uncal,ppm,11189.03,-,-,29.24,0.26,86.95,1,1,1,-,Linear,0.99576,Fitted,-,802.4430221,9729.138325,-,,,,,,,3,Uncal,Uncal,Uncal,11220.75,11183.19,11163.14,Uncal,Uncal,Uncal
Sample 1,1:1,Sample,10/4/2023 16:04,Cu 327.395,Cu,,Uncal,Uncal,ppm,14074.55,-,-,37.63,0.27,80.94,1,1,1,-,Linear,0.99576,Fitted,-,265.8734204,12910.12505,-,,,,,,,3,Uncal,Uncal,Uncal,14117.84,14049.79,14056.01,Uncal,Uncal,Uncal
Sample 1,1:1,Sample,10/4/2023 16:04,Fe 238.204,Fe,,Uncal,Uncal,ppm,20288.46,-,-,73.45,0.36,,1,1,1,-,Linear,-,Fitted,-,-,-,-,,,,,,,3,Uncal,Uncal,Uncal,20370.03,20267.77,20227.57,Uncal,Uncal,Uncal
Sample 1,1:1,Sample,10/4/2023 16:04,Fe 259.940,Fe,,Uncal,Uncal,ppm,16952.04,-,-,84.52,0.5,,1,1,1,-,Linear,-,Fitted,-,-,-,-,,,,,,,3,Uncal,Uncal,Uncal,17039.42,16946.01,16870.7,Uncal,Uncal,Uncal
Sample 1,1:1,Sample,10/4/2023 16:04,Pb 217.000,Pb,,Uncal,Uncal,ppm,475.28,-,-,5.24,1.1,,1,1,1,-,Linear,-,Fitted,-,-,-,-,,,,,,,3,Uncal,Uncal,Uncal,475.03,480.63,470.17,Uncal,Uncal,Uncal
Sample 1,1:1,Sample,10/4/2023 16:04,Pb 220.353,Pb,,Uncal,Uncal,ppm,1473.87,-,-,6.43,0.44,,1,1,1,-,Linear,-,Fitted,-,-,-,-,,,,,,,3,Uncal,Uncal,Uncal,1468.74,1471.79,1481.08,Uncal,Uncal,Uncal
Sample 2,1:2,Sample,10/4/2023 16:06,Cu 324.754,Cu,,Uncal,Uncal,ppm,103.44,-,-,7.84,7.58,86.95,1,1,1,-,Linear,0.99576,Fitted,-,802.4430221,9729.138325,-,,,,,,,3,Uncal,Uncal,Uncal,102.74,95.97,111.6,Uncal,Uncal,Uncal
Sample 2,1:2,Sample,10/4/2023 16:06,Cu 327.395,Cu,,Uncal,Uncal,ppm,85.92,-,-,19.95,23.22,80.94,1,1,1,-,Linear,0.99576,Fitted,-,265.8734204,12910.12505,-,,,,,,,3,Uncal,Uncal,Uncal,105.2,87.21,65.36,Uncal,Uncal,Uncal
Sample 2,1:2,Sample,10/4/2023 16:06,Fe 238.204,Fe,,Uncal,Uncal,ppm,176.17,-,-,6.03,3.42,,1,1,1,-,Linear,-,Fitted,-,-,-,-,,,,,,,3,Uncal,Uncal,Uncal,174.71,170.99,182.79,Uncal,Uncal,Uncal
Sample 2,1:2,Sample,10/4/2023 16:06,Fe 259.940,Fe,,Uncal,Uncal,ppm,135.25,-,-,10.27,7.59,,1,1,1,-,Linear,-,Fitted,-,-,-,-,,,,,,,3,Uncal,Uncal,Uncal,144.81,136.55,124.4,Uncal,Uncal,Uncal
Sample 2,1:2,Sample,10/4/2023 16:06,Pb 217.000,Pb,,Uncal,Uncal,ppm,19.05,-,-,4.54,23.85,,1,1,1,-,Linear,-,Fitted,-,-,-,-,,,,,,,3,Uncal,Uncal,Uncal,23.5,19.23,14.42,Uncal,Uncal,Uncal
Sample 2,1:2,Sample,10/4/2023 16:06,Pb 220.353,Pb,,Uncal,Uncal,ppm,14.51,-,-,1.5,10.35,,1,1,1,-,Linear,-,Fitted,-,-,-,-,,,,,,,3,Uncal,Uncal,Uncal,13.49,13.81,16.24,Uncal,Uncal,Uncal
Sample 3,1:3,Sample,10/4/2023 16:08,Cu 324.754,Cu,,Uncal,Uncal,ppm,9895.6,-,-,16.86,0.17,86.95,1,1,1,-,Linear,0.99576,Fitted,-,802.4430221,9729.138325,-,,,,,,,3,Uncal,Uncal,Uncal,9881.96,9890.39,9914.46,Uncal,Uncal,Uncal
Sample 3,1:3,Sample,10/4/2023 16:08,Cu 327.395,Cu,,Uncal,Uncal,ppm,12427.54,-,-,26.22,0.21,80.94,1,1,1,-,Linear,0.99576,Fitted,-,265.8734204,12910.12505,-,,,,,,,3,Uncal,Uncal,Uncal,12410.66,12414.21,12457.74,Uncal,Uncal,Uncal
Sample 3,1:3,Sample,10/4/2023 16:08,Fe 238.204,Fe,,Uncal,Uncal,ppm,14706.11,-,-,45.63,0.31,,1,1,1,-,Linear,-,Fitted,-,-,-,-,,,,,,,3,Uncal,Uncal,Uncal,14705.24,14660.92,14752.16,Uncal,Uncal,Uncal
Sample 3,1:3,Sample,10/4/2023 16:08,Fe 259.940,Fe,,Uncal,Uncal,ppm,12302.91,-,-,118.38,0.96,,1,1,1,-,Linear,-,Fitted,-,-,-,-,,,,,,,3,Uncal,Uncal,Uncal,12271.52,12203.39,12433.82,Uncal,Uncal,Uncal
Sample 3,1:3,Sample,10/4/2023 16:08,Pb 217.000,Pb,,Uncal,Uncal,ppm,351.63,-,-,9.09,2.59,,1,1,1,-,Linear,-,Fitted,-,-,-,-,,,,,,,3,Uncal,Uncal,Uncal,343.58,349.83,361.49,Uncal,Uncal,Uncal
Sample 3,1:3,Sample,10/4/2023 16:08,Pb 220.353,Pb,,Uncal,Uncal,ppm,1104.25,-,-,7.02,0.64,,1,1,1,-,Linear,-,Fitted,-,-,-,-,,,,,,,3,Uncal,Uncal,Uncal,1101.07,1099.38,1112.3,Uncal,Uncal,Uncal
Sample 4,1:4,Sample,10/4/2023 16:10,Cu 324.754,Cu,,Uncal,Uncal,ppm,125.19,-,-,5.97,4.77,86.95,1,1,1,-,Linear,0.99576,Fitted,-,802.4430221,9729.138325,-,,,,,,,3,Uncal,Uncal,Uncal,125.4,119.12,131.06,Uncal,Uncal,Uncal
Sample 4,1:4,Sample,10/4/2023 16:10,Cu 327.395,Cu,,Uncal,Uncal,ppm,147.99,-,-,13.46,9.09,80.94,1,1,1,-,Linear,0.99576,Fitted,-,265.8734204,12910.12505,-,,,,,,,3,Uncal,Uncal,Uncal,152.32,158.74,132.9,Uncal,Uncal,Uncal
Sample 4,1:4,Sample,10/4/2023 16:10,Fe 238.204,Fe,,Uncal,Uncal,ppm,59.18,-,-,5.74,9.69,,1,1,1,-,Linear,-,Fitted,-,-,-,-,,,,,,,3,Uncal,Uncal,Uncal,53.24,64.68,59.61,Uncal,Uncal,Uncal
Sample 4,1:4,Sample,10/4/2023 16:10,Fe 259.940,Fe,,Uncal,Uncal,ppm,30.98,-,-,11.04,35.63,,1,1,1,-,Linear,-,Fitted,-,-,-,-,,,,,,,3,Uncal,Uncal,Uncal,32.82,19.14,40.98,Uncal,Uncal,Uncal
Sample 4,1:4,Sample,10/4/2023 16:10,Pb 217.000,Pb,,Uncal,Uncal,ppm,10.96,-,-,4.42,40.3,,1,1,1,-,Linear,-,Fitted,-,-,-,-,,,,,,,3,Uncal,Uncal,Uncal,6.6,15.44,10.85,Uncal,Uncal,Uncal
Sample 4,1:4,Sample,10/4/2023 16:10,Pb 220.353,Pb,,Uncal,Uncal,ppm,15.86,-,-,5.47,34.49,,1,1,1,-,Linear,-,Fitted,-,-,-,-,,,,,,,3,Uncal,Uncal,Uncal,10.1,16.49,20.99,Uncal,Uncal,Uncal
Sample 5,1:5,Sample,10/4/2023 16:11,Cu 324.754,Cu,,Uncal,Uncal,ppm,11535.22,-,-,31.26,0.27,86.95,1,1,1,-,Linear,0.99576,Fitted,-,802.4430221,9729.138325,-,,,,,,,3,Uncal,Uncal,Uncal,11500.21,11545.12,11560.33,Uncal,Uncal,Uncal
Sample 5,1:5,Sample,10/4/2023 16:11,Cu 327.395,Cu,,Uncal,Uncal,ppm,14526.62,-,-,53.43,0.37,80.94,1,1,1,-,Linear,0.99576,Fitted,-,265.8734204,12910.12505,-,,,,,,,3,Uncal,Uncal,Uncal,14495.34,14588.32,14496.22,Uncal,Uncal,Uncal
Sample 5,1:5,Sample,10/4/2023 16:11,Fe 238.204,Fe,,Uncal,Uncal,ppm,20548.2,-,-,98.97,0.48,,1,1,1,-,Linear,-,Fitted,-,-,-,-,,,,,,,3,Uncal,Uncal,Uncal,20465.14,20657.7,20521.75,Uncal,Uncal,Uncal
Sample 5,1:5,Sample,10/4/2023 16:11,Fe 259.940,Fe,,Uncal,Uncal,ppm,17183.56,-,-,52.48,0.31,,1,1,1,-,Linear,-,Fitted,-,-,-,-,,,,,,,3,Uncal,Uncal,Uncal,17124.54,17224.96,17201.19,Uncal,Uncal,Uncal
Sample 5,1:5,Sample,10/4/2023 16:11,Pb 217.000,Pb,,Uncal,Uncal,ppm,469.37,-,-,6.11,1.3,,1,1,1,-,Linear,-,Fitted,-,-,-,-,,,,,,,3,Uncal,Uncal,Uncal,475.62,469.07,463.4,Uncal,Uncal,Uncal
Sample 5,1:5,Sample,10/4/2023 16:11,Pb 220.353,Pb,,Uncal,Uncal,ppm,1470.59,-,-,7.8,0.53,,1,1,1,-,Linear,-,Fitted,-,-,-,-,,,,,,,3,Uncal,Uncal,Uncal,1473.79,1476.28,1461.69,Uncal,Uncal,Uncal
Sample 6,1:6,Sample,10/4/2023 16:13,Cu 324.754,Cu,,Uncal,Uncal,ppm,20370.01,-,-,85.75,0.42,86.95,1,1,1,-,Linear,0.99576,Fitted,-,802.4430221,9729.138325,-,,,,,,,3,Uncal,Uncal,Uncal,20417.81,20421.21,20271.01,Uncal,Uncal,Uncal
Sample 6,1:6,Sample,10/4/2023 16:13,Cu 327.395,Cu,,Uncal,Uncal,ppm,25582.9,-,-,119.43,0.47,80.94,1,1,1,-,Linear,0.99576,Fitted,-,265.8734204,12910.12505,-,,,,,,,3,Uncal,Uncal,Uncal,25614.13,25683.62,25450.96,Uncal,Uncal,Uncal
Sample 6,1:6,Sample,10/4/2023 16:13,Fe 238.204,Fe,,Uncal,Uncal,ppm,31096.56,-,-,175.52,0.56,,1,1,1,-,Linear,-,Fitted,-,-,-,-,,,,,,,3,Uncal,Uncal,Uncal,31196.67,31199.12,30893.9,Uncal,Uncal,Uncal
Sample 6,1:6,Sample,10/4/2023 16:13,Fe 259.940,Fe,,Uncal,Uncal,ppm,26038.29,-,-,113.44,0.44,,1,1,1,-,Linear,-,Fitted,-,-,-,-,,,,,,,3,Uncal,Uncal,Uncal,26123.84,26081.43,25909.6,Uncal,Uncal,Uncal
Sample 6,1:6,Sample,10/4/2023 16:13,Pb 217.000,Pb,,Uncal,Uncal,ppm,588.12,-,-,8.71,1.48,,1,1,1,-,Linear,-,Fitted,-,-,-,-,,,,,,,3,Uncal,Uncal,Uncal,598.04,584.56,581.75,Uncal,Uncal,Uncal
Sample 6,1:6,Sample,10/4/2023 16:13,Pb 220.353,Pb,,Uncal,Uncal,ppm,1772.35,-,-,14.42,0.81,,1,1,1,-,Linear,-,Fitted,-,-,-,-,,,,,,,3,Uncal,Uncal,Uncal,1767.18,1788.65,1761.23,Uncal,Uncal,Uncal
Sample 7,1:7,Sample,10/4/2023 16:15,Cu 324.754,Cu,,Uncal,Uncal,ppm,14663.9,-,-,21.04,0.14,86.95,1,1,1,-,Linear,0.99576,Fitted,-,802.4430221,9729.138325,-,,,,,,,3,Uncal,Uncal,Uncal,14682.16,14640.89,14668.67,Uncal,Uncal,Uncal
Sample 7,1:7,Sample,10/4/2023 16:15,Cu 327.395,Cu,,Uncal,Uncal,ppm,18356.98,-,-,21.29,0.12,80.94,1,1,1,-,Linear,0.99576,Fitted,-,265.8734204,12910.12505,-,,,,,,,3,Uncal,Uncal,Uncal,18374.45,18363.22,18333.27,Uncal,Uncal,Uncal
Sample 7,1:7,Sample,10/4/2023 16:15,Fe 238.204,Fe,,Uncal,Uncal,ppm,26767.05,-,-,32.26,0.12,,1,1,1,-,Linear,-,Fitted,-,-,-,-,,,,,,,3,Uncal,Uncal,Uncal,26803.52,26742.21,26755.43,Uncal,Uncal,Uncal
Sample 7,1:7,Sample,10/4/2023 16:15,Fe 259.940,Fe,,Uncal,Uncal,ppm,22303.87,-,-,44.2,0.2,,1,1,1,-,Linear,-,Fitted,-,-,-,-,,,,,,,3,Uncal,Uncal,Uncal,22350.81,22263.05,22297.76,Uncal,Uncal,Uncal
Sample 7,1:7,Sample,10/4/2023 16:15,Pb 217.000,Pb,,Uncal,Uncal,ppm,602.83,-,-,4.49,0.74,,1,1,1,-,Linear,-,Fitted,-,-,-,-,,,,,,,3,Uncal,Uncal,Uncal,601.05,599.51,607.93,Uncal,Uncal,Uncal
Sample 7,1:7,Sample,10/4/2023 16:15,Pb 220.353,Pb,,Uncal,Uncal,ppm,1907.43,-,-,18.27,0.96,,1,1,1,-,Linear,-,Fitted,-,-,-,-,,,,,,,3,Uncal,Uncal,Uncal,1922.49,1912.69,1887.11,Uncal,Uncal,Uncal
Sample 8,1:8,Sample,10/4/2023 16:17,Cu 324.754,Cu,,Uncal,Uncal,ppm,69.72,-,-,9.42,13.51,86.95,1,1,1,-,Linear,0.99576,Fitted,-,802.4430221,9729.138325,-,,,,,,,3,Uncal,Uncal,Uncal,66.64,62.23,80.3,Uncal,Uncal,Uncal
Sample 8,1:8,Sample,10/4/2023 16:17,Cu 327.395,Cu,,Uncal,Uncal,ppm,41.97,-,-,21.52,51.28,80.94,1,1,1,-,Linear,0.99576,Fitted,-,265.8734204,12910.12505,-,,,,,,,3,Uncal,Uncal,Uncal,26.72,66.59,32.6,Uncal,Uncal,Uncal
Sample 8,1:8,Sample,10/4/2023 16:17,Fe 238.204,Fe,,Uncal,Uncal,ppm,78.14,-,-,8.5,10.88,,1,1,1,-,Linear,-,Fitted,-,-,-,-,,,,,,,3,Uncal,Uncal,Uncal,86.25,69.3,78.88,Uncal,Uncal,Uncal
Sample 8,1:8,Sample,10/4/2023 16:17,Fe 259.940,Fe,,Uncal,Uncal,ppm,55.42,-,-,6.94,12.53,,1,1,1,-,Linear,-,Fitted,-,-,-,-,,,,,,,3,Uncal,Uncal,Uncal,57.07,47.8,61.39,Uncal,Uncal,Uncal
Sample 8,1:8,Sample,10/4/2023 16:17,Pb 217.000,Pb,,Uncal,Uncal,ppm,5.21,-,-,4.2,80.63,,1,1,1,-,Linear,-,Fitted,-,-,-,-,,,,,,,3,Uncal,Uncal,Uncal,8.87,6.14,0.62,Uncal,Uncal,Uncal
Sample 8,1:8,Sample,10/4/2023 16:17,Pb 220.353,Pb,,Uncal,Uncal,ppm,15.67,-,-,5.43,34.68,,1,1,1,-,Linear,-,Fitted,-,-,-,-,,,,,,,3,Uncal,Uncal,Uncal,21,15.88,10.13,Uncal,Uncal,Uncal
Sample 9,1:9,Sample,10/4/2023 16:19,Cu 324.754,Cu,,Uncal,Uncal,ppm,27521.02,-,-,86.61,0.31,86.95,1,1,1,-,Linear,0.99576,Fitted,-,802.4430221,9729.138325,-,,,,,,,3,Uncal,Uncal,Uncal,27456.42,27619.43,27487.2,Uncal,Uncal,Uncal
Sample 9,1:9,Sample,10/4/2023 16:19,Cu 327.395,Cu,,Uncal,Uncal,ppm,34435.21,-,-,173.59,0.5,80.94,1,1,1,-,Linear,0.99576,Fitted,-,265.8734204,12910.12505,-,,,,,,,3,Uncal,Uncal,Uncal,34235.52,34550.12,34519.98,Uncal,Uncal,Uncal
Sample 9,1:9,Sample,10/4/2023 16:19,Fe 238.204,Fe,,Uncal,Uncal,ppm,41624.97,-,-,121.52,0.29,,1,1,1,-,Linear,-,Fitted,-,-,-,-,,,,,,,3,Uncal,Uncal,Uncal,41494.36,41645.88,41734.68,Uncal,Uncal,Uncal
Sample 9,1:9,Sample,10/4/2023 16:19,Fe 259.940,Fe,,Uncal,Uncal,ppm,34997.73,-,-,102.07,0.29,,1,1,1,-,Linear,-,Fitted,-,-,-,-,,,,,,,3,Uncal,Uncal,Uncal,34930.47,35115.18,34947.54,Uncal,Uncal,Uncal
Sample 9,1:9,Sample,10/4/2023 16:19,Pb 217.000,Pb,,Uncal,Uncal,ppm,983.18,-,-,8.91,0.91,,1,1,1,-,Linear,-,Fitted,-,-,-,-,,,,,,,3,Uncal,Uncal,Uncal,992.3,974.49,982.76,Uncal,Uncal,Uncal
Sample 9,1:9,Sample,10/4/2023 16:19,Pb 220.353,Pb,,Uncal,Uncal,ppm,2941.87,-,-,8,0.27,,1,1,1,-,Linear,-,Fitted,-,-,-,-,,,,,,,3,Uncal,Uncal,Uncal,2935.81,2938.86,2950.93,Uncal,Uncal,Uncal
